<?xml version="1.0" encoding="UTF-8"?>
<beans xmlns="http://www.springframework.org/schema/beans"
	xmlns:xsi="http://www.w3.org/2001/XMLSchema-instance" xmlns:c="http://www.springframework.org/schema/c"
	xmlns:context="http://www.springframework.org/schema/context"
	xmlns:cache="http://www.springframework.org/schema/cache" xmlns:tx="http://www.springframework.org/schema/tx"
	xmlns:redisson="http://redisson.org/schema/redisson"
	xsi:schemaLocation="http://www.springframework.org/schema/beans
                        http://www.springframework.org/schema/beans/spring-beans.xsd
		                http://www.springframework.org/schema/context 
		                http://www.springframework.org/schema/context/spring-context-4.3.xsd
		                http://www.springframework.org/schema/cache
                        http://www.springframework.org/schema/cache/spring-cache.xsd
                        http://www.springframework.org/schema/tx 
          				http://www.springframework.org/schema/tx/spring-tx-3.2.xsd
          				http://redisson.org/schema/redisson
          				http://redisson.org/schema/redisson/redisson.xsd">

                        

	<context:property-placeholder location="classpath:db.properties"
		ignore-unresolvable="true" />

	<bean id="dataSource" class="com.alibaba.druid.pool.DruidDataSource"
		init-method="init" destroy-method="close">
		<!-- 基本属性 url、user、password -->
		<property name="driverClassName" value="${jdbc_driver}" />
		<property name="url" value="${jdbc_url}" />
		<property name="username" value="${jdbc_username}" />
		<property name="password" value="${jdbc_password}" />

		<!-- 配置初始化大小、最小、最大 -->
		<property name="initialSize" value="1" />
		<property name="minIdle" value="1" />
		<property name="maxActive" value="20" />

		<!-- 配置获取连接等待超时的时间 -->
		<property name="maxWait" value="60000" />

		<!-- 配置间隔多久才进行一次检测，检测需要关闭的空闲连接，单位是毫秒 -->
		<property name="timeBetweenEvictionRunsMillis" value="60000" />

		<!-- 配置一个连接在池中最小生存的时间，单位是毫秒 -->
		<property name="minEvictableIdleTimeMillis" value="300000" />

		<property name="validationQuery" value="SELECT 'x'" />
		<property name="testWhileIdle" value="true" />
		<property name="testOnBorrow" value="false" />
		<property name="testOnReturn" value="false" />

		<!-- 打开PSCache，并且指定每个连接上PSCache的大小 -->
		<property name="poolPreparedStatements" value="true" />
		<property name="maxPoolPreparedStatementPerConnectionSize"
			value="20" />
		<!-- 配置监控统计拦截的filters -->
		<property name="filters" value="stat" />
	</bean>


	<!-- spring和MyBatis完美整合，不需要mybatis的配置映射文件 -->
	<bean id="sqlSessionFactory" class="org.mybatis.spring.SqlSessionFactoryBean">
		<property name="dataSource" ref="dataSource" />
		<property name="mapperLocations" value="classpath*:sqlmapper/*.xml" />
	</bean>
	<!-- DAO接口所在包名，Spring会自动查找其下的类 -->
	<bean class="org.mybatis.spring.mapper.MapperScannerConfigurer">
		<property name="basePackage" value="com.james.cache.dao" />
	</bean>

	<context:component-scan base-package="com.*">
	</context:component-scan>

	
		<!-- (事务管理)transaction manager -->
	<bean id="transactionManager"
		class="org.springframework.jdbc.datasource.DataSourceTransactionManager">
		<property name="dataSource" ref="dataSource" />
		<qualifier value="transactionManager" />
	</bean>

	<tx:annotation-driven transaction-manager="transactionManager" />
	
	<bean id="jedisPoolConfig" class="redis.clients.jedis.JedisPoolConfig">
		<property name="maxTotal" value="100" />
		<property name="maxIdle" value="10" />
	</bean>

	<bean id="jedisConnectionFactory"
		class="org.springframework.data.redis.connection.jedis.JedisConnectionFactory"
		destroy-method="destroy">
		<property name="hostName" value="192.168.1.111" />
		<property name="port" value="6379" />
		<property name="database" value="2" />
		<property name="timeout" value="3000" />
		<property name="usePool" value="true" />
		<property name="password" value="12345678"/>
		<property name="poolConfig" ref="jedisPoolConfig" />
	</bean>

	<bean id="redisTemplate" class="org.springframework.data.redis.core.RedisTemplate">
		<property name="connectionFactory" ref="jedisConnectionFactory" />
		<property name="keySerializer" ref="stringRedisSerializer"/>
			 
		<property name="valueSerializer" ref="stringRedisSerializer"/>
		
		<property name="enableTransactionSupport" value="false"></property>
	</bean>
	
	
	
	<bean id="stringRedisSerializer" class="org.springframework.data.redis.serializer.StringRedisSerializer" />  
    <bean  id ="JdkSerializationRedisSerializer" class="org.springframework.data.redis.serializer.JdkSerializationRedisSerializer"/>  
  
    <bean  id="GenericToStringSerializer" class="org.springframework.data.redis.serializer.GenericToStringSerializer"  
            c:type="java.lang.Long"/>  
	
	
    <cache:annotation-driven/>

	<!-- declare Redis Cache Manager -->
	<bean id="cacheManager" class="org.springframework.data.redis.cache.RedisCacheManager">
		<constructor-arg index="0" ref="redisTemplate"></constructor-arg>
	</bean>


</beans>
